count	pct	type	sentence
6590	65.90%	train	짱구는 바나나를 싫어해
696	6.96%	train	철수는 딸기를 좋아해
695	6.95%	train	영희는 사과를 좋아해
661	6.61%	train	영희는 바나나를 좋아해
641	6.41%	train	영희는 딸기를 좋아해
608	6.08%	train	철수는 사과를 좋아해
10	0.10%	novel	철수는 바나나를 좋아해
7	0.07%	novel	
6	0.06%	novel	사과를 좋아해
6	0.06%	novel	짱구는 사과를 싫어해
6	0.06%	novel	짱구는 바나나를 싫어해 바나나를 싫어해
6	0.06%	novel	딸기를 좋아해
5	0.05%	novel	짱구는 딸기를 싫어해
5	0.05%	novel	<pad> 좋아해
4	0.04%	novel	짱구는 바나나를 좋아해
3	0.03%	novel	철수는 짱구는 바나나를 싫어해
3	0.03%	novel	철수는 좋아해 좋아해
2	0.02%	novel	짱구는 바나나를 짱구는
2	0.02%	novel	영희는 딸기를 좋아해 좋아해
2	0.02%	novel	영희는 바나나를 싫어해
2	0.02%	novel	영희는 <pad> 좋아해
2	0.02%	novel	영희는 철수는 사과를 좋아해
1	0.01%	novel	철수는 철수는 사과를 좋아해
1	0.01%	novel	철수는 싫어해 좋아해
1	0.01%	novel	짱구는 바나나를 싫어해 바나나를 철수는 사과를 좋아해
1	0.01%	novel	영희는
1	0.01%	novel	철수는 딸기를 사과를
1	0.01%	novel	철수는 딸기를 좋아해 바나나를 철수는 사과를 좋아해
1	0.01%	novel	철수는 사과를 좋아해 좋아해
1	0.01%	novel	좋아해
1	0.01%	novel	싫어해 바나나를 영희는 짱구는 바나나를 싫어해
1	0.01%	novel	짱구는 좋아해 좋아해
1	0.01%	novel	싫어해
1	0.01%	novel	철수는 딸기를 좋아해 바나나를 짱구는
1	0.01%	novel	영희는 바나나를 사과를
1	0.01%	novel	짱구는 바나나를 싫어해 좋아해
1	0.01%	novel	철수는 사과를 바나나를
1	0.01%	novel	영희는 딸기를 사과를
1	0.01%	novel	짱구는 바나나를 싫어해 바나나를 짱구는
1	0.01%	novel	짱구는 바나나를 싫어해 <bos> 싫어해 바나나를 철수는 딸기를 좋아해
1	0.01%	novel	철수는 딸기를
1	0.01%	novel	철수는 딸기를 딸기를
1	0.01%	novel	영희는 사과를 좋아해 바나나를 짱구는 바나나를 싫어해
1	0.01%	novel	철수는 <bos> 딸기를 좋아해
1	0.01%	novel	짱구는 바나나를 철수는 짱구는 바나나를 싫어해
1	0.01%	novel	철수는 사과를
1	0.01%	novel	철수는 <pad> 좋아해
1	0.01%	novel	짱구는 좋아해 싫어해
1	0.01%	novel	영희는 바나나를
1	0.01%	novel	짱구는
1	0.01%	novel	영희는 딸기를
1	0.01%	novel	철수는 영희는 딸기를 좋아해
1	0.01%	novel	짱구는 바나나를 사과를
1	0.01%	novel	영희는 철수는 딸기를 좋아해
1	0.01%	novel	영희는 딸기를 딸기를
1	0.01%	novel	짱구는 바나나를
1	0.01%	novel	영희는 딸기를 좋아해 바나나를 영희는 철수는 딸기를 좋아해
1	0.01%	novel	짱구는 바나나를 싫어해 철수는 싫어해 좋아해
1	0.01%	novel	철수는 딸기를 좋아해 <pad>
1	0.01%	novel	철수는 싫어해 바나나를 싫어해
