context	model	setup	P(좋아해)	P(싫어해)	argmax	P(argmax)
(<bos>, 철수는)	nlm	baseline	0.0107	0.0055	딸기를	0.3533
(<bos>, 철수는)	ngram	baseline	0.0000	0.0000	사과를	0.5000
(<bos>, 철수는)	nlm	emph_x10	0.0407	0.0325	딸기를	0.4373
(<bos>, 철수는)	ngram	emph_x10	0.0000	0.0000	사과를	0.5000
(<bos>, 영희는)	nlm	baseline	0.0103	0.0056	딸기를	0.3587
(<bos>, 영희는)	ngram	baseline	0.0000	0.0000	사과를	0.3333
(<bos>, 영희는)	nlm	emph_x10	0.0235	0.0082	사과를	0.3238
(<bos>, 영희는)	ngram	emph_x10	0.0000	0.0000	사과를	0.3333
(<bos>, 짱구는)	nlm	baseline	0.1110	0.0081	바나나를	0.5070
(<bos>, 짱구는)	ngram	baseline	0.0000	0.0000	바나나를	1.0000
(<bos>, 짱구는)	nlm	emph_x10	0.0000	0.0000	바나나를	0.9983
(<bos>, 짱구는)	ngram	emph_x10	0.0000	0.0000	바나나를	1.0000
(철수는, 사과를)	nlm	baseline	0.9522	0.0063	좋아해	0.9522
(철수는, 사과를)	ngram	baseline	1.0000	0.0000	좋아해	1.0000
(철수는, 사과를)	nlm	emph_x10	0.9394	0.0022	좋아해	0.9394
(철수는, 사과를)	ngram	emph_x10	1.0000	0.0000	좋아해	1.0000
(철수는, 바나나를)	nlm	baseline	0.9291	0.0150	좋아해	0.9291
(철수는, 바나나를)	ngram	baseline	0.0909	0.0909	<pad>	0.0909
(철수는, 바나나를)	nlm	emph_x10	0.9499	0.0025	좋아해	0.9499
(철수는, 바나나를)	ngram	emph_x10	0.0909	0.0909	<pad>	0.0909
(영희는, 바나나를)	nlm	baseline	0.9299	0.0134	좋아해	0.9299
(영희는, 바나나를)	ngram	baseline	1.0000	0.0000	좋아해	1.0000
(영희는, 바나나를)	nlm	emph_x10	0.9390	0.0125	좋아해	0.9390
(영희는, 바나나를)	ngram	emph_x10	1.0000	0.0000	좋아해	1.0000
(짱구는, 바나나를)	nlm	baseline	0.1101	0.5923	싫어해	0.5923
(짱구는, 바나나를)	ngram	baseline	0.0000	1.0000	싫어해	1.0000
(짱구는, 바나나를)	nlm	emph_x10	0.0004	0.9989	싫어해	0.9989
(짱구는, 바나나를)	ngram	emph_x10	0.0000	1.0000	싫어해	1.0000
(짱구는, 사과를)	nlm	baseline	0.3078	0.1993	<eos>	0.3588
(짱구는, 사과를)	ngram	baseline	0.0909	0.0909	<pad>	0.0909
(짱구는, 사과를)	nlm	emph_x10	0.0004	0.9989	싫어해	0.9989
(짱구는, 사과를)	ngram	emph_x10	0.0909	0.0909	<pad>	0.0909
(바나나를, 좋아해)	nlm	baseline	0.0055	0.0011	<eos>	0.9725
(바나나를, 좋아해)	ngram	baseline	0.0000	0.0000	<eos>	1.0000
(바나나를, 좋아해)	nlm	emph_x10	0.0087	0.0002	<eos>	0.9905
(바나나를, 좋아해)	ngram	emph_x10	0.0000	0.0000	<eos>	1.0000
(바나나를, 싫어해)	nlm	baseline	0.0086	0.0012	<eos>	0.9357
(바나나를, 싫어해)	ngram	baseline	0.0000	0.0000	<eos>	1.0000
(바나나를, 싫어해)	nlm	emph_x10	0.0006	0.0000	<eos>	0.9988
(바나나를, 싫어해)	ngram	emph_x10	0.0000	0.0000	<eos>	1.0000
