emb_dim	hidden	lr	start_loss	final_loss	min_loss	ppl
1	4	0.1	2.3631242855386767	0.47759116621803005	0.47759116621803005	1.6121529872566385
1	4	0.3	2.3631242855386767	0.45870204767199185	0.45870204767199185	1.5839261753590288
1	4	1.0	2.3631242855386767	0.4564316834923073	0.45529511416494833	1.5843342883321698
1	6	0.1	2.435644684479488	0.4671952011877372	0.4671952011877372	1.5954929687871582
1	6	0.3	2.435644684479488	0.45313035095466647	0.45313035095466647	1.5732247042982417
1	6	1.0	2.435644684479488	0.44946706600854025	0.44946706600854025	1.5674881654187756
1	8	0.1	2.4264827756477367	0.46379104639719576	0.46379104639719576	1.5900721219616667
1	8	0.3	2.4264827756477367	0.4513571121817394	0.4513571121817394	1.5704387082590454
1	8	1.0	2.4264827756477367	0.44893960039217395	0.44893763698996203	1.5666453281687525
1	16	0.1	2.3595749200734417	0.45890695018328254	0.45890695018328254	1.5823287987295611
1	16	0.3	2.3595749200734417	0.45024338899491206	0.45024338899491206	1.5686916704494802
1	16	1.0	2.3595749200734417	0.4486345667287838	0.4486345667287838	1.566175220752327
2	4	0.1	2.4075361334536	0.4716744283089586	0.4716744283089586	1.6026510279984107
2	4	0.3	2.4075361334536	0.4543933338383645	0.4543933338383645	1.5752118893742277
2	4	1.0	2.4075361334536	0.45237015336672065	0.45237015336672065	1.572550064267144
2	6	0.1	2.3983374333296896	0.4612874762929153	0.4612874762929153	1.586101487341217
2	6	0.3	2.3983374333296896	0.4514888984294549	0.4514888984294549	1.570645785322108
2	6	1.0	2.3983374333296896	0.44890682644210683	0.4489067640423814	1.5665969738688448
2	8	0.1	2.5404575718803457	0.456797723424339	0.456797723424339	1.5790005010222867
2	8	0.3	2.5404575718803457	0.4503283760426127	0.4503283760426127	1.5688251525401633
2	8	1.0	2.5404575718803457	0.44860264917906906	0.44860264917906906	1.5661207854774408
2	16	0.1	2.446852806715455	0.4531105137636729	0.4531105137636729	1.573192913682614
2	16	0.3	2.446852806715455	0.44935853126497816	0.44935853126497816	1.5673052419788878
2	16	1.0	2.446852806715455	0.4484082260724753	0.4484082260724753	1.5658213348322338
3	4	0.1	2.4324316414411182	0.4691666420782709	0.4691666420782709	1.5986413141741835
3	4	0.3	2.4324316414411182	0.45427757296262	0.45427757296262	1.5750298986065225
3	4	1.0	2.4324316414411182	0.4500435609839963	0.4500375352710792	1.5683670660372313
3	6	0.1	2.359129453746096	0.45969290133308727	0.45969290133308727	1.5835764627992202
3	6	0.3	2.359129453746096	0.4512963950938284	0.4512963950938284	1.5703438023298644
3	6	1.0	2.359129453746096	0.4488831604934902	0.448880112333299	1.566555043374112
3	8	0.1	2.456025766193438	0.45683670846215313	0.45683670846215313	1.5790622844270377
3	8	0.3	2.456025766193438	0.45036356807290606	0.45036356807290606	1.5688803461807348
3	8	1.0	2.456025766193438	0.44865244964527645	0.4486504684475367	1.566195943569642
3	16	0.1	2.3138041292282527	0.45302543219898156	0.45302543219898156	1.5730591753746328
3	16	0.3	2.3138041292282527	0.4493366165363535	0.4493366165363535	1.5672709093888866
3	16	1.0	2.3138041292282527	0.4483604590418863	0.44835901829007846	1.5657407395669676
